{
  "cv": {
    "r2_mean": 0.6965143765803508,
    "r2_std": 0.042501482232252495,
    "mae_mean": 0.3820257857586312,
    "mae_std": 0.02073308550314554,
    "rmse_mean": 0.5449925243476341,
    "rmse_std": 0.03571507450119041
  },
  "train_fit": {
    "r2": 0.9483788334422233,
    "mae": 0.14507984385614187,
    "rmse": 0.22732771342938102
  },
  "external_test": {
    "r2": 0.7153965691343025,
    "mae": 0.3597974522432035,
    "rmse": 0.509795819236825
  },
  "ad_threshold_median_pairwise_tanimoto": 0.36363636363636365,
  "n_train": 470,
  "n_test": 118,
  "n_features": 51
}